{"cameraMode":{"drawMode":0,"name":"Shaded","section":"Shading Mode"},"sceneLighting":true,"audioPlay":false,"sceneViewState":{"showFog":true,"showMaterialUpdate":false,"showSkybox":true,"showFlares":true,"showImageEffects":true,"showParticleSystems":true},"in2DMode":false,"pivot":{"x":0.17560863494873048,"y":2.0004000663757326,"z":-0.22469043731689454},"rotation":{"x":0.13878020644187928,"y":-0.8467373251914978,"z":0.2683399021625519,"w":0.437915176153183},"size":10.410823822021485,"orthographic":true}