{"cameraMode":{"drawMode":0,"name":"Shaded","section":"Shading Mode"},"sceneLighting":false,"audioPlay":false,"sceneViewState":{"showFog":true,"showMaterialUpdate":false,"showSkybox":true,"showFlares":true,"showImageEffects":true,"showParticleSystems":true},"in2DMode":false,"pivot":{"x":0.5,"y":2.0999999046325685,"z":-2.2899999618530275},"rotation":{"x":0.19766530394554139,"y":-0.7610617876052856,"z":0.2709290087223053,"w":0.5552576184272766},"size":3.8488526344299318,"orthographic":false}