{"cameraMode":{"drawMode":0,"name":"Shaded","section":"Shading Mode"},"sceneLighting":true,"audioPlay":false,"sceneViewState":{"showFog":true,"showMaterialUpdate":false,"showSkybox":true,"showFlares":true,"showImageEffects":true,"showParticleSystems":true},"in2DMode":false,"pivot":{"x":-4.648529052734375,"y":0.3843199908733368,"z":-13.049999237060547},"rotation":{"x":0.08212946355342865,"y":-0.7191304564476013,"z":0.08627304434776306,"w":0.6845897436141968},"size":18.62855339050293,"orthographic":true}