{"cameraMode":{"drawMode":0,"name":"Shaded","section":"Shading Mode"},"sceneLighting":false,"audioPlay":false,"sceneViewState":{"showFog":true,"showMaterialUpdate":false,"showSkybox":true,"showFlares":true,"showImageEffects":true,"showParticleSystems":true},"in2DMode":false,"pivot":{"x":-1.399999976158142,"y":1.375,"z":-0.6000000238418579},"rotation":{"x":0.19858519732952119,"y":-0.41642600297927859,"z":0.09373213350772858,"w":0.882251501083374},"size":0.42868271470069888,"orthographic":false}