{"cameraMode":{"drawMode":0,"name":"Shaded","section":"Shading Mode"},"sceneLighting":true,"audioPlay":false,"sceneViewState":{"showFog":true,"showMaterialUpdate":false,"showSkybox":true,"showFlares":true,"showImageEffects":true,"showParticleSystems":true},"in2DMode":false,"pivot":{"x":1.090000033378601,"y":2.5,"z":-10.800000190734864},"rotation":{"x":0.05478375777602196,"y":0.9452126622200012,"z":-0.2262047976255417,"w":0.22891731560230256},"size":0.47286349534988406,"orthographic":false}