{"cameraMode":{"drawMode":0,"name":"Shaded","section":"Shading Mode"},"sceneLighting":false,"audioPlay":false,"sceneViewState":{"showFog":true,"showMaterialUpdate":false,"showSkybox":true,"showFlares":true,"showImageEffects":true,"showParticleSystems":true},"in2DMode":false,"pivot":{"x":0.5,"y":2.0999999046325685,"z":-2.2899999618530275},"rotation":{"x":0.05478375777602196,"y":0.9452126622200012,"z":-0.2262047976255417,"w":0.22891731560230256},"size":0.5715765953063965,"orthographic":false}