{"cameraMode":{"drawMode":0,"name":"Shaded","section":"Shading Mode"},"sceneLighting":false,"audioPlay":false,"sceneViewState":{"showFog":true,"showMaterialUpdate":false,"showSkybox":true,"showFlares":true,"showImageEffects":true,"showParticleSystems":true},"in2DMode":false,"pivot":{"x":0.5,"y":2.0999999046325685,"z":-2.2899999618530275},"rotation":{"x":-0.07341575622558594,"y":0.8152405619621277,"z":-0.10601004213094711,"w":-0.5645838379859924},"size":0.5715765953063965,"orthographic":false}